DUT,Frequency_Hz,Magnitude_Ohms,Phase_Deg
1,250,7218.057129,-79.31
1,400,4458.553223,-73.35
1,500,3588.977295,-69.47
1,625,2937.663574,-64.93
1,800,2454.211426,-58.86
1,1000,2093.895508,-52.40
1,1250,1831.497803,-45.20
1,2000,1491.707520,-29.27
1,2500,1391.714722,-21.32
1,3125,1328.870850,-13.84
1,4000,1278.703979,-5.71
1,5000,1250.152344,1.30
1,6250,1233.052734,8.47
1,10000,1217.291626,23.94